{
	"credit": "Made with Blockbench",
	"textures": {
		"0": "ol_west:block/iron_block",
		"1": "ol_west:block/stripped_spruce_log"
	},
	"elements": [
		{
			"from": [7.25, 9, -7.125],
			"to": [8.75, 11, 3],
			"faces": {
				"north": {"uv": [0, 0, 1.5, 2], "texture": "#0"},
				"east": {"uv": [0, 0, 10.125, 2], "texture": "#0"},
				"south": {"uv": [0, 0, 1.5, 2], "texture": "#0"},
				"west": {"uv": [0, 0, 10.125, 2], "texture": "#0"},
				"up": {"uv": [0, 0, 1.5, 10.125], "texture": "#0"},
				"down": {"uv": [0, 0, 1.5, 10.125], "texture": "#0"}
			}
		},
		{
			"from": [7, 8.0625, 4.25],
			"to": [9, 10.8125, 7.25],
			"faces": {
				"north": {"uv": [0, 0, 2, 2.75], "texture": "#0"},
				"east": {"uv": [0, 0, 3, 2.75], "texture": "#0"},
				"south": {"uv": [0, 0, 2, 2.75], "texture": "#0"},
				"west": {"uv": [0, 0, 3, 2.75], "texture": "#0"},
				"up": {"uv": [0, 0, 2, 3], "texture": "#0"},
				"down": {"uv": [0, 0, 2, 3], "texture": "#0"}
			}
		},
		{
			"from": [6.625, 8.4375, 4.25],
			"to": [9.375, 10.4375, 7.25],
			"rotation": {"angle": 0, "axis": "z", "origin": [8, 9.25, 12.625]},
			"faces": {
				"north": {"uv": [0, 0, 2, 2.75], "rotation": 270, "texture": "#0"},
				"east": {"uv": [0, 0, 2, 3], "rotation": 90, "texture": "#0"},
				"south": {"uv": [0, 0, 2, 2.75], "rotation": 90, "texture": "#0"},
				"west": {"uv": [0, 0, 2, 3], "rotation": 90, "texture": "#0"},
				"up": {"uv": [0, 0, 3, 2.75], "rotation": 90, "texture": "#0"},
				"down": {"uv": [0, 0, 3, 2.75], "rotation": 90, "texture": "#0"}
			}
		},
		{
			"from": [7.75, 8.5, -7.125],
			"to": [8.25, 9, 3],
			"faces": {
				"north": {"uv": [0, 0, 0.5, 0.5], "texture": "#0"},
				"east": {"uv": [0, 0, 10.125, 0.5], "texture": "#0"},
				"south": {"uv": [0, 0, 0.5, 0.5], "texture": "#0"},
				"west": {"uv": [0, 0, 10.125, 0.5], "texture": "#0"},
				"up": {"uv": [0, 0, 0.5, 10.125], "texture": "#0"},
				"down": {"uv": [0, 0, 0.5, 10.125], "texture": "#0"}
			}
		},
		{
			"from": [7.25, 9.25, -7.3125],
			"to": [8.75, 10.75, -7],
			"faces": {
				"north": {"uv": [0, 0, 1.5, 1.5], "texture": "#0"},
				"east": {"uv": [0, 0, 0.3125, 1.5], "texture": "#0"},
				"south": {"uv": [0, 0, 1.5, 1.5], "texture": "#0"},
				"west": {"uv": [0, 0, 0.3125, 1.5], "texture": "#0"},
				"up": {"uv": [0, 0, 1.5, 0.3125], "texture": "#0"},
				"down": {"uv": [0, 0, 1.5, 0.3125], "texture": "#0"}
			}
		},
		{
			"from": [7.5, 11, -7],
			"to": [8.5, 11.25, 3],
			"faces": {
				"north": {"uv": [0, 0, 1, 0.25], "texture": "#0"},
				"east": {"uv": [0, 0, 10, 0.25], "texture": "#0"},
				"south": {"uv": [0, 0, 1, 0.25], "texture": "#0"},
				"west": {"uv": [0, 0, 10, 0.25], "texture": "#0"},
				"up": {"uv": [0, 0, 1, 10], "texture": "#0"},
				"down": {"uv": [0, 0, 1, 10], "texture": "#0"}
			}
		},
		{
			"from": [7.5, 11.5, -7],
			"to": [8.5, 11.75, 3],
			"faces": {
				"north": {"uv": [0, 0, 1, 0.25], "texture": "#0"},
				"east": {"uv": [0, 0, 10, 0.25], "texture": "#0"},
				"south": {"uv": [0, 0, 1, 0.25], "texture": "#0"},
				"west": {"uv": [0, 0, 10, 0.25], "texture": "#0"},
				"up": {"uv": [0, 0, 1, 10], "texture": "#0"},
				"down": {"uv": [0, 0, 1, 10], "texture": "#0"}
			}
		},
		{
			"from": [7.25, 11.375, 3],
			"to": [8.75, 11.875, 8],
			"faces": {
				"north": {"uv": [0, 0, 1.5, 0.5], "texture": "#0"},
				"east": {"uv": [0, 0, 5, 0.5], "texture": "#0"},
				"south": {"uv": [0, 0, 1.5, 0.5], "texture": "#0"},
				"west": {"uv": [0, 0, 5, 0.5], "texture": "#0"},
				"up": {"uv": [0, 0, 1.5, 5], "texture": "#0"},
				"down": {"uv": [0, 0, 1.5, 5], "texture": "#0"}
			}
		},
		{
			"from": [7, 10.875, 3],
			"to": [9, 11.375, 8.25],
			"faces": {
				"north": {"uv": [0, 0, 2, 0.5], "texture": "#0"},
				"east": {"uv": [0, 0, 5.25, 0.5], "texture": "#0"},
				"south": {"uv": [0, 0, 2, 0.5], "texture": "#0"},
				"west": {"uv": [0, 0, 5.25, 0.5], "texture": "#0"},
				"up": {"uv": [0, 0, 2, 5.25], "texture": "#0"},
				"down": {"uv": [0, 0, 2, 5.25], "texture": "#0"}
			}
		},
		{
			"from": [7.5, 11.8125, 7.5],
			"to": [8.5, 12.0625, 7.75],
			"faces": {
				"north": {"uv": [0, 0, 1, 0.25], "texture": "#0"},
				"east": {"uv": [0, 0, 0.25, 0.25], "texture": "#0"},
				"south": {"uv": [0, 0, 1, 0.25], "texture": "#0"},
				"west": {"uv": [0, 0, 0.25, 0.25], "texture": "#0"},
				"up": {"uv": [0, 0, 1, 0.25], "texture": "#0"},
				"down": {"uv": [0, 0, 1, 0.25], "texture": "#0"}
			}
		},
		{
			"from": [7.5, 15.85064, 9.88864],
			"to": [8.5, 16.60064, 10.63864],
			"rotation": {"angle": -45, "axis": "x", "origin": [8, 11.25, 15.5625]},
			"faces": {
				"north": {"uv": [0, 0, 1, 0.75], "texture": "#0"},
				"east": {"uv": [0, 0, 0.75, 0.75], "texture": "#0"},
				"south": {"uv": [0, 0, 1, 0.75], "texture": "#0"},
				"west": {"uv": [0, 0, 0.75, 0.75], "texture": "#0"},
				"up": {"uv": [0, 0, 1, 0.75], "texture": "#0"},
				"down": {"uv": [0, 0, 1, 0.75], "texture": "#0"}
			}
		},
		{
			"from": [7.5, 16.22564, 10.63864],
			"to": [8.5, 16.47564, 11.38864],
			"rotation": {"angle": -45, "axis": "x", "origin": [8, 11.25, 15.5625]},
			"faces": {
				"north": {"uv": [0, 0, 1, 0.25], "texture": "#0"},
				"east": {"uv": [0, 0, 0.75, 0.25], "texture": "#0"},
				"south": {"uv": [0, 0, 1, 0.25], "texture": "#0"},
				"west": {"uv": [0, 0, 0.75, 0.25], "texture": "#0"},
				"up": {"uv": [0, 0, 1, 0.75], "texture": "#0"},
				"down": {"uv": [0, 0, 1, 0.75], "texture": "#0"}
			}
		},
		{
			"from": [7.5, 14.31737, 9.53639],
			"to": [8.5, 14.56737, 10.28639],
			"rotation": {"angle": -22.5, "axis": "x", "origin": [8, 11.64017, 15.73928]},
			"faces": {
				"north": {"uv": [0, 0, 1, 0.25], "texture": "#0"},
				"east": {"uv": [0, 0, 0.75, 0.25], "texture": "#0"},
				"south": {"uv": [0, 0, 1, 0.25], "texture": "#0"},
				"west": {"uv": [0, 0, 0.75, 0.25], "texture": "#0"},
				"up": {"uv": [0, 0, 1, 0.75], "texture": "#0"},
				"down": {"uv": [0, 0, 1, 0.75], "texture": "#0"}
			}
		},
		{
			"from": [7.0625, 7.25, 3.25],
			"to": [8.9375, 8.5, 4],
			"faces": {
				"north": {"uv": [0, 0, 1.875, 1.25], "texture": "#0"},
				"east": {"uv": [0, 0, 0.75, 1.25], "texture": "#0"},
				"south": {"uv": [0, 0, 1.875, 1.25], "texture": "#0"},
				"west": {"uv": [0, 0, 0.75, 1.25], "texture": "#0"},
				"up": {"uv": [0, 0, 1.875, 0.75], "texture": "#0"},
				"down": {"uv": [0, 0, 1.875, 0.75], "texture": "#0"}
			}
		},
		{
			"from": [7.125, 7, 4],
			"to": [8.875, 7.75, 8.5],
			"faces": {
				"north": {"uv": [0, 0, 1.75, 0.75], "texture": "#0"},
				"east": {"uv": [0, 0, 4.5, 0.75], "texture": "#0"},
				"south": {"uv": [0, 0, 1.75, 0.75], "texture": "#0"},
				"west": {"uv": [0, 0, 4.5, 0.75], "texture": "#0"},
				"up": {"uv": [0, 0, 1.75, 4.5], "texture": "#0"},
				"down": {"uv": [0, 0, 1.75, 4.5], "texture": "#0"}
			}
		},
		{
			"from": [7.5625, 4.7234, 6.07058],
			"to": [8.4375, 5.2234, 7.44558],
			"rotation": {"angle": 0, "axis": "x", "origin": [8, 5.35739, 12.78933]},
			"faces": {
				"north": {"uv": [0, 0, 0.875, 0.5], "rotation": 180, "texture": "#0"},
				"east": {"uv": [0, 0, 0.5, 1.375], "rotation": 90, "texture": "#0"},
				"south": {"uv": [0, 0, 0.875, 0.5], "texture": "#0"},
				"west": {"uv": [0, 0, 0.5, 1.375], "rotation": 270, "texture": "#0"},
				"up": {"uv": [0, 0, 0.875, 1.375], "texture": "#0"},
				"down": {"uv": [0, 0, 0.875, 1.375], "rotation": 180, "texture": "#0"}
			}
		},
		{
			"from": [7.5625, 2.43945, 6.10791],
			"to": [8.4375, 2.93945, 6.92041],
			"rotation": {"angle": 22.5, "axis": "x", "origin": [8, 5.72041, 12.22966]},
			"faces": {
				"north": {"uv": [0, 0, 0.875, 0.5], "rotation": 180, "texture": "#0"},
				"east": {"uv": [0, 0, 0.5, 0.8125], "rotation": 90, "texture": "#0"},
				"south": {"uv": [0, 0, 0.875, 0.5], "texture": "#0"},
				"west": {"uv": [0, 0, 0.5, 0.8125], "rotation": 270, "texture": "#0"},
				"up": {"uv": [0, 0, 0.875, 0.8125], "texture": "#0"},
				"down": {"uv": [0, 0, 0.875, 0.8125], "rotation": 180, "texture": "#0"}
			}
		},
		{
			"from": [7.5625, 10.11738, 5.89623],
			"to": [8.4375, 10.86738, 6.39623],
			"rotation": {"angle": -45, "axis": "x", "origin": [8, 6.875, 11.75]},
			"faces": {
				"north": {"uv": [0, 0, 0.875, 0.75], "texture": "#0"},
				"east": {"uv": [0, 0, 0.5, 0.75], "texture": "#0"},
				"south": {"uv": [0, 0, 0.875, 0.75], "texture": "#0"},
				"west": {"uv": [0, 0, 0.5, 0.75], "texture": "#0"},
				"up": {"uv": [0, 0, 0.875, 0.5], "texture": "#0"},
				"down": {"uv": [0, 0, 0.875, 0.5], "texture": "#0"}
			}
		},
		{
			"from": [7.5625, 8.32255, 4.81348],
			"to": [8.4375, 9.07255, 5.31348],
			"rotation": {"angle": -22.5, "axis": "x", "origin": [8, 6.875, 11.75]},
			"faces": {
				"north": {"uv": [0, 0, 0.875, 0.75], "texture": "#0"},
				"east": {"uv": [0, 0, 0.5, 0.75], "texture": "#0"},
				"south": {"uv": [0, 0, 0.875, 0.75], "texture": "#0"},
				"west": {"uv": [0, 0, 0.5, 0.75], "texture": "#0"},
				"up": {"uv": [0, 0, 0.875, 0.5], "texture": "#0"},
				"down": {"uv": [0, 0, 0.875, 0.5], "texture": "#0"}
			}
		},
		{
			"from": [7.5625, 6.25, 4.5],
			"to": [8.4375, 7, 5],
			"faces": {
				"north": {"uv": [0, 0, 0.875, 0.75], "texture": "#0"},
				"east": {"uv": [0, 0, 0.5, 0.75], "texture": "#0"},
				"south": {"uv": [0, 0, 0.875, 0.75], "texture": "#0"},
				"west": {"uv": [0, 0, 0.5, 0.75], "texture": "#0"},
				"up": {"uv": [0, 0, 0.875, 0.5], "texture": "#0"},
				"down": {"uv": [0, 0, 0.875, 0.5], "texture": "#0"}
			}
		},
		{
			"from": [7.5625, 3.39615, 6.76989],
			"to": [8.4375, 3.89615, 7.58239],
			"rotation": {"angle": -22.5, "axis": "x", "origin": [8, 5.72041, 3.77034]},
			"faces": {
				"north": {"uv": [0, 0, 0.875, 0.5], "texture": "#0"},
				"east": {"uv": [0, 0, 0.5, 0.8125], "rotation": 270, "texture": "#0"},
				"south": {"uv": [0, 0, 0.875, 0.5], "rotation": 180, "texture": "#0"},
				"west": {"uv": [0, 0, 0.5, 0.8125], "rotation": 90, "texture": "#0"},
				"up": {"uv": [0.875, 0.8125, 1.75, 1.625], "texture": "#0"},
				"down": {"uv": [0.875, 0.8125, 1.75, 1.625], "rotation": 180, "texture": "#0"}
			}
		},
		{
			"from": [7.5625, 8.34961, 7.836],
			"to": [8.4375, 9.09961, 8.336],
			"rotation": {"angle": 45, "axis": "x", "origin": [8, 6.875, 4.25]},
			"faces": {
				"north": {"uv": [0, 0, 0.875, 0.75], "texture": "#0"},
				"east": {"uv": [0, 0, 0.5, 0.75], "texture": "#0"},
				"south": {"uv": [0, 0, 0.875, 0.75], "texture": "#0"},
				"west": {"uv": [0, 0, 0.5, 0.75], "texture": "#0"},
				"up": {"uv": [0.875, 0.5, 1.75, 1], "texture": "#0"},
				"down": {"uv": [0.875, 0.5, 1.75, 1], "texture": "#0"}
			}
		},
		{
			"from": [7.60625, 6.93129, 6.20838],
			"to": [8.39375, 7.60629, 6.65838],
			"rotation": {"angle": 45, "axis": "x", "origin": [8, 6.1875, 4.625]},
			"faces": {
				"north": {"uv": [0, 0, 0.875, 0.75], "texture": "#0"},
				"east": {"uv": [0, 0, 0.5, 0.75], "texture": "#0"},
				"south": {"uv": [0, 0, 0.875, 0.75], "texture": "#0"},
				"west": {"uv": [0, 0, 0.5, 0.75], "texture": "#0"},
				"up": {"uv": [0.875, 0.5, 1.75, 1], "texture": "#0"},
				"down": {"uv": [0.875, 0.5, 1.75, 1], "texture": "#0"}
			}
		},
		{
			"from": [7.5625, 7.36585, 8.37682],
			"to": [8.4375, 8.11585, 8.87682],
			"rotation": {"angle": 22.5, "axis": "x", "origin": [8, 6.875, 4.25]},
			"faces": {
				"north": {"uv": [0, 0, 0.875, 0.75], "texture": "#0"},
				"east": {"uv": [0, 0, 0.5, 0.75], "texture": "#0"},
				"south": {"uv": [0, 0, 0.875, 0.75], "texture": "#0"},
				"west": {"uv": [0, 0, 0.5, 0.75], "texture": "#0"},
				"up": {"uv": [0.875, 0.5, 1.75, 1], "texture": "#0"},
				"down": {"uv": [0.875, 0.5, 1.75, 1], "texture": "#0"}
			}
		},
		{
			"from": [7.60625, 6.71944, 6.59702],
			"to": [8.39375, 7.39444, 7.04702],
			"rotation": {"angle": 22.5, "axis": "x", "origin": [8, 6.1875, 4.625]},
			"faces": {
				"north": {"uv": [0, 0, 0.875, 0.75], "texture": "#0"},
				"east": {"uv": [0, 0, 0.5, 0.75], "texture": "#0"},
				"south": {"uv": [0, 0, 0.875, 0.75], "texture": "#0"},
				"west": {"uv": [0, 0, 0.5, 0.75], "texture": "#0"},
				"up": {"uv": [0.875, 0.5, 1.75, 1], "texture": "#0"},
				"down": {"uv": [0.875, 0.5, 1.75, 1], "texture": "#0"}
			}
		},
		{
			"from": [7.5625, 6.25, 8.5],
			"to": [8.4375, 7, 9],
			"faces": {
				"north": {"uv": [0, 0, 0.875, 0.75], "texture": "#0"},
				"east": {"uv": [0, 0, 0.5, 0.75], "texture": "#0"},
				"south": {"uv": [0, 0, 0.875, 0.75], "texture": "#0"},
				"west": {"uv": [0, 0, 0.5, 0.75], "texture": "#0"},
				"up": {"uv": [0.875, 0.5, 1.75, 1], "texture": "#0"},
				"down": {"uv": [0.875, 0.5, 1.75, 1], "texture": "#0"}
			}
		},
		{
			"from": [7.60625, 6.375, 6.875],
			"to": [8.39375, 7.05, 7.325],
			"rotation": {"angle": 0, "axis": "y", "origin": [8, 7.2, 8]},
			"faces": {
				"north": {"uv": [0, 0, 0.875, 0.75], "texture": "#0"},
				"east": {"uv": [0, 0, 0.5, 0.75], "texture": "#0"},
				"south": {"uv": [0, 0, 0.875, 0.75], "texture": "#0"},
				"west": {"uv": [0, 0, 0.5, 0.75], "texture": "#0"},
				"up": {"uv": [0.875, 0.5, 1.75, 1], "texture": "#0"},
				"down": {"uv": [0.875, 0.5, 1.75, 1], "texture": "#0"}
			}
		},
		{
			"from": [7.60625, 6.6, 6.875],
			"to": [8.39375, 7.05, 7.775],
			"rotation": {"angle": 0, "axis": "y", "origin": [8, 7.2, 8]},
			"faces": {
				"north": {"uv": [0, 0, 0.875, 0.5], "texture": "#0"},
				"east": {"uv": [0, 0, 1, 0.5], "texture": "#0"},
				"south": {"uv": [0, 0, 0.875, 0.5], "texture": "#0"},
				"west": {"uv": [0, 0, 1, 0.5], "texture": "#0"},
				"up": {"uv": [0.875, 0.5, 1.75, 1.5], "texture": "#0"},
				"down": {"uv": [0.875, 0.5, 1.75, 1.5], "texture": "#0"}
			}
		},
		{
			"from": [7, 8.5, 3],
			"to": [9, 9.25, 4],
			"faces": {
				"north": {"uv": [0, 0, 2, 0.75], "texture": "#0"},
				"east": {"uv": [0, 0, 1, 0.75], "texture": "#0"},
				"south": {"uv": [0, 0, 2, 0.75], "texture": "#0"},
				"west": {"uv": [0, 0, 1, 0.75], "texture": "#0"},
				"up": {"uv": [0, 0, 2, 1], "texture": "#0"},
				"down": {"uv": [0, 0, 2, 1], "texture": "#0"}
			}
		},
		{
			"from": [7, 7.75, 7.25],
			"to": [9, 9.25, 8.25],
			"faces": {
				"north": {"uv": [0, 0, 2, 1.5], "texture": "#0"},
				"east": {"uv": [0, 0, 1, 1.5], "texture": "#0"},
				"south": {"uv": [0, 0, 2, 1.5], "texture": "#0"},
				"west": {"uv": [0, 0, 1, 1.5], "texture": "#0"},
				"up": {"uv": [0, 0, 2, 1], "texture": "#0"},
				"down": {"uv": [0, 0, 2, 1], "texture": "#0"}
			}
		},
		{
			"from": [7.25, 7, 8.25],
			"to": [8.75, 11, 9],
			"faces": {
				"north": {"uv": [0, 0, 1.5, 4], "texture": "#0"},
				"east": {"uv": [0, 0, 0.75, 4], "texture": "#0"},
				"south": {"uv": [0, 0, 1.5, 4], "texture": "#0"},
				"west": {"uv": [0, 0, 0.75, 4], "texture": "#0"},
				"up": {"uv": [0, 0, 1.5, 0.75], "texture": "#0"},
				"down": {"uv": [0, 0, 1.5, 0.75], "texture": "#0"}
			}
		},
		{
			"from": [7.25, 7.5, 9],
			"to": [8.75, 10.5, 10.25],
			"faces": {
				"north": {"uv": [0, 0, 1.5, 3], "texture": "#0"},
				"east": {"uv": [0, 0, 1.25, 3], "texture": "#0"},
				"south": {"uv": [0, 0, 1.5, 3], "texture": "#0"},
				"west": {"uv": [0, 0, 1.25, 3], "texture": "#0"},
				"up": {"uv": [0, 0, 1.5, 1.25], "texture": "#0"},
				"down": {"uv": [0, 0, 1.5, 1.25], "texture": "#0"}
			}
		},
		{
			"from": [7.25, 8, 10.25],
			"to": [8.75, 10, 11.25],
			"faces": {
				"north": {"uv": [0, 0, 1.5, 2], "texture": "#0"},
				"east": {"uv": [0, 0, 1, 2], "texture": "#0"},
				"south": {"uv": [0, 0, 1.5, 2], "texture": "#0"},
				"west": {"uv": [0, 0, 1, 2], "texture": "#0"},
				"up": {"uv": [0, 0, 1.5, 1], "texture": "#0"},
				"down": {"uv": [0, 0, 1.5, 1], "texture": "#0"}
			}
		},
		{
			"from": [7.25, 8.75, 11.25],
			"to": [8.75, 9.5, 12.5],
			"faces": {
				"north": {"uv": [0, 0, 1.5, 0.75], "texture": "#0"},
				"east": {"uv": [0, 0, 1.25, 0.75], "texture": "#0"},
				"south": {"uv": [0, 0, 1.5, 0.75], "texture": "#0"},
				"west": {"uv": [0, 0, 1.25, 0.75], "texture": "#0"},
				"up": {"uv": [0, 0, 1.5, 1.25], "texture": "#0"},
				"down": {"uv": [0, 0, 1.5, 1.25], "texture": "#0"}
			}
		},
		{
			"from": [6.75, 9.25, 3],
			"to": [9.25, 10.875, 4],
			"faces": {
				"north": {"uv": [0, 0, 2.5, 1.625], "texture": "#0"},
				"east": {"uv": [0, 0, 1, 1.625], "texture": "#0"},
				"south": {"uv": [0, 0, 2.5, 1.625], "texture": "#0"},
				"west": {"uv": [0, 0, 1, 1.625], "texture": "#0"},
				"up": {"uv": [0, 0, 2.5, 1], "texture": "#0"},
				"down": {"uv": [0, 0, 2.5, 1], "texture": "#0"}
			}
		},
		{
			"from": [6.75, 9.25, 7.25],
			"to": [9.25, 10.875, 8.25],
			"faces": {
				"north": {"uv": [0, 0, 2.5, 1.625], "texture": "#0"},
				"east": {"uv": [0, 0, 1, 1.625], "texture": "#0"},
				"south": {"uv": [0, 0, 2.5, 1.625], "texture": "#0"},
				"west": {"uv": [0, 0, 1, 1.625], "texture": "#0"},
				"up": {"uv": [0, 0, 2.5, 1], "texture": "#0"},
				"down": {"uv": [0, 0, 2.5, 1], "texture": "#0"}
			}
		},
		{
			"from": [7.75, 11.75, -6.9375],
			"to": [8.25, 12.25, -6],
			"faces": {
				"north": {"uv": [0, 0, 0.5, 0.5], "texture": "#0"},
				"east": {"uv": [0, 0, 0.9375, 0.5], "texture": "#0"},
				"south": {"uv": [0, 0, 0.5, 0.5], "texture": "#0"},
				"west": {"uv": [0, 0, 0.9375, 0.5], "texture": "#0"},
				"up": {"uv": [0, 0, 0.5, 0.9375], "texture": "#0"},
				"down": {"uv": [0, 0, 0.5, 0.9375], "texture": "#0"}
			}
		},
		{
			"from": [7.5, 11.25, -7],
			"to": [8.5, 11.5, -6],
			"faces": {
				"north": {"uv": [0, 0, 1, 0.25], "texture": "#0"},
				"east": {"uv": [0, 0, 1, 0.25], "texture": "#0"},
				"south": {"uv": [0, 0, 1, 0.25], "texture": "#0"},
				"west": {"uv": [0, 0, 1, 0.25], "texture": "#0"},
				"up": {"uv": [0, 0, 1, 1], "texture": "#0"},
				"down": {"uv": [0, 0, 1, 1], "texture": "#0"}
			}
		},
		{
			"from": [7.5, 11.25, -4.25],
			"to": [8.5, 11.5, -2.75],
			"faces": {
				"north": {"uv": [0, 0, 1, 0.25], "texture": "#0"},
				"east": {"uv": [0, 0, 1.5, 0.25], "texture": "#0"},
				"south": {"uv": [0, 0, 1, 0.25], "texture": "#0"},
				"west": {"uv": [0, 0, 1.5, 0.25], "texture": "#0"},
				"up": {"uv": [0, 0, 1, 1.5], "texture": "#0"},
				"down": {"uv": [0, 0, 1, 1.5], "texture": "#0"}
			}
		},
		{
			"from": [7.5, 11.25, -1.25],
			"to": [8.5, 11.5, 0.25],
			"faces": {
				"north": {"uv": [0, 0, 1, 0.25], "texture": "#0"},
				"east": {"uv": [0, 0, 1.5, 0.25], "texture": "#0"},
				"south": {"uv": [0, 0, 1, 0.25], "texture": "#0"},
				"west": {"uv": [0, 0, 1.5, 0.25], "texture": "#0"},
				"up": {"uv": [0, 0, 1, 1.5], "texture": "#0"},
				"down": {"uv": [0, 0, 1, 1.5], "texture": "#0"}
			}
		},
		{
			"from": [7.5, 11.25, 1.75],
			"to": [8.5, 11.5, 3],
			"faces": {
				"north": {"uv": [0, 0, 1, 0.25], "texture": "#0"},
				"east": {"uv": [0, 0, 1.25, 0.25], "texture": "#0"},
				"south": {"uv": [0, 0, 1, 0.25], "texture": "#0"},
				"west": {"uv": [0, 0, 1.25, 0.25], "texture": "#0"},
				"up": {"uv": [0, 0, 1, 1.25], "texture": "#0"},
				"down": {"uv": [0, 0, 1, 1.25], "texture": "#0"}
			}
		},
		{
			"from": [7, 9.25, -7.125],
			"to": [9, 10.75, 3],
			"rotation": {"angle": 0, "axis": "z", "origin": [8, 10, 4.5]},
			"faces": {
				"north": {"uv": [0, 0, 1.5, 2], "rotation": 90, "texture": "#0"},
				"east": {"uv": [0, 0, 1.5, 10.125], "rotation": 270, "texture": "#0"},
				"south": {"uv": [0, 0, 1.5, 2], "rotation": 270, "texture": "#0"},
				"west": {"uv": [0, 0, 1.5, 10.125], "rotation": 270, "texture": "#0"},
				"up": {"uv": [0, 0, 10.125, 2], "rotation": 270, "texture": "#0"},
				"down": {"uv": [0, 0, 10.125, 2], "rotation": 270, "texture": "#0"}
			}
		},
		{
			"from": [7, 5.25, 10.25],
			"to": [9, 8, 12.5],
			"faces": {
				"north": {"uv": [0, 0, 2, 2.75], "texture": "#1"},
				"east": {"uv": [0, 0, 2.25, 2.75], "texture": "#1"},
				"south": {"uv": [0, 0, 2, 2.75], "texture": "#1"},
				"west": {"uv": [0, 0, 2.25, 2.75], "texture": "#1"},
				"up": {"uv": [0, 0, 2, 2.25], "texture": "#1"},
				"down": {"uv": [0, 0, 2, 2.25], "texture": "#1"}
			}
		},
		{
			"from": [6.9375, 5.25, 12.5],
			"to": [9.0625, 7, 13.75],
			"faces": {
				"north": {"uv": [0, 0, 2.125, 1.75], "texture": "#1"},
				"east": {"uv": [0, 0, 1.25, 1.75], "texture": "#1"},
				"south": {"uv": [0, 0, 2.125, 1.75], "texture": "#1"},
				"west": {"uv": [0, 0, 1.25, 1.75], "texture": "#1"},
				"up": {"uv": [0, 0, 2.125, 1.25], "texture": "#1"},
				"down": {"uv": [0, 0, 2.125, 1.25], "texture": "#1"}
			}
		},
		{
			"from": [6.9375, 5.25, 11],
			"to": [9.0625, 6.5, 12.5],
			"faces": {
				"north": {"uv": [0, 0, 2.125, 1.25], "texture": "#1"},
				"east": {"uv": [0, 0, 1.5, 1.25], "texture": "#1"},
				"south": {"uv": [0, 0, 2.125, 1.25], "texture": "#1"},
				"west": {"uv": [0, 0, 1.5, 1.25], "texture": "#1"},
				"up": {"uv": [0, 0, 2.125, 1.5], "texture": "#1"},
				"down": {"uv": [0, 0, 2.125, 1.5], "texture": "#1"}
			}
		},
		{
			"from": [7, 7, 12.5],
			"to": [9, 8.5, 13.25],
			"faces": {
				"north": {"uv": [0, 0, 2, 1.5], "texture": "#1"},
				"east": {"uv": [0, 0, 0.75, 1.5], "texture": "#1"},
				"south": {"uv": [0, 0, 2, 1.5], "texture": "#1"},
				"west": {"uv": [0, 0, 0.75, 1.5], "texture": "#1"},
				"up": {"uv": [0, 0, 2, 0.75], "texture": "#1"},
				"down": {"uv": [0, 0, 2, 0.75], "texture": "#1"}
			}
		},
		{
			"from": [6.875, 4.5, 10.125],
			"to": [9.125, 5.5, 13.9375],
			"faces": {
				"north": {"uv": [0, 0, 2.25, 1], "texture": "#1"},
				"east": {"uv": [0, 0, 3.8125, 1], "texture": "#1"},
				"south": {"uv": [0, 0, 2.25, 1], "texture": "#1"},
				"west": {"uv": [0, 0, 3.8125, 1], "texture": "#1"},
				"up": {"uv": [0, 0, 2.25, 3.8125], "texture": "#1"},
				"down": {"uv": [0, 0, 2.25, 3.8125], "texture": "#1"}
			}
		},
		{
			"from": [6.8125, 3.75, 9.9375],
			"to": [9.1875, 4.75, 14.125],
			"faces": {
				"north": {"uv": [0, 0, 2.375, 1], "texture": "#1"},
				"east": {"uv": [0, 0, 4.1875, 1], "texture": "#1"},
				"south": {"uv": [0, 0, 2.375, 1], "texture": "#1"},
				"west": {"uv": [0, 0, 4.1875, 1], "texture": "#1"},
				"up": {"uv": [0, 0, 2.375, 4.1875], "texture": "#1"},
				"down": {"uv": [0, 0, 2.375, 4.1875], "texture": "#1"}
			}
		},
		{
			"from": [6.75, 3, 9.75],
			"to": [9.25, 4, 14.25],
			"faces": {
				"north": {"uv": [0, 0, 2.5, 1], "texture": "#1"},
				"east": {"uv": [0, 0, 4.5, 1], "texture": "#1"},
				"south": {"uv": [0, 0, 2.5, 1], "texture": "#1"},
				"west": {"uv": [0, 0, 4.5, 1], "texture": "#1"},
				"up": {"uv": [0, 0, 2.5, 4.5], "texture": "#1"},
				"down": {"uv": [0, 0, 2.5, 4.5], "texture": "#1"}
			}
		},
		{
			"from": [6.8125, 2.5, 10],
			"to": [9.1875, 3.25, 14],
			"faces": {
				"north": {"uv": [0, 0, 2.375, 0.75], "texture": "#1"},
				"east": {"uv": [0, 0, 4, 0.75], "texture": "#1"},
				"south": {"uv": [0, 0, 2.375, 0.75], "texture": "#1"},
				"west": {"uv": [0, 0, 4, 0.75], "texture": "#1"},
				"up": {"uv": [0, 0, 2.375, 4], "texture": "#1"},
				"down": {"uv": [0, 0, 2.375, 4], "texture": "#1"}
			}
		},
		{
			"from": [7, 8, 11.25],
			"to": [9, 8.75, 12.5],
			"faces": {
				"north": {"uv": [0, 0, 2, 0.75], "texture": "#1"},
				"east": {"uv": [0, 0, 1.25, 0.75], "texture": "#1"},
				"south": {"uv": [0, 0, 2, 0.75], "texture": "#1"},
				"west": {"uv": [0, 0, 1.25, 0.75], "texture": "#1"},
				"up": {"uv": [0, 0, 2, 1.25], "texture": "#1"},
				"down": {"uv": [0, 0, 2, 1.25], "texture": "#1"}
			}
		},
		{
			"from": [7, 6.5, 9],
			"to": [9, 7.5, 10.25],
			"faces": {
				"north": {"uv": [0, 0, 2, 1], "texture": "#1"},
				"east": {"uv": [0, 0, 1.25, 1], "texture": "#1"},
				"south": {"uv": [0, 0, 2, 1], "texture": "#1"},
				"west": {"uv": [0, 0, 1.25, 1], "texture": "#1"},
				"up": {"uv": [0, 0, 2, 1.25], "texture": "#1"},
				"down": {"uv": [0, 0, 2, 1.25], "texture": "#1"}
			}
		},
		{
			"from": [7, 6.25, 9.75],
			"to": [9, 6.5, 10.25],
			"faces": {
				"north": {"uv": [0, 0, 2, 0.25], "texture": "#1"},
				"east": {"uv": [0, 0, 0.5, 0.25], "texture": "#1"},
				"south": {"uv": [0, 0, 2, 0.25], "texture": "#1"},
				"west": {"uv": [0, 0, 0.5, 0.25], "texture": "#1"},
				"up": {"uv": [0, 0, 2, 0.5], "texture": "#1"},
				"down": {"uv": [0, 0, 2, 0.5], "texture": "#1"}
			}
		},
		{
			"from": [7, 7.5, 9.5],
			"to": [9, 7.75, 10.25],
			"faces": {
				"north": {"uv": [0, 0, 2, 0.25], "texture": "#1"},
				"east": {"uv": [0, 0, 0.75, 0.25], "texture": "#1"},
				"south": {"uv": [0, 0, 2, 0.25], "texture": "#1"},
				"west": {"uv": [0, 0, 0.75, 0.25], "texture": "#1"},
				"up": {"uv": [0, 0, 2, 0.75], "texture": "#1"},
				"down": {"uv": [0, 0, 2, 0.75], "texture": "#1"}
			}
		},
		{
			"from": [7, 8, 10.75],
			"to": [9, 8.25, 11.25],
			"faces": {
				"north": {"uv": [0, 0, 2, 0.25], "texture": "#1"},
				"east": {"uv": [0, 0, 0.5, 0.25], "texture": "#1"},
				"south": {"uv": [0, 0, 2, 0.25], "texture": "#1"},
				"west": {"uv": [0, 0, 0.5, 0.25], "texture": "#1"},
				"up": {"uv": [0, 0, 2, 0.5], "texture": "#1"},
				"down": {"uv": [0, 0, 2, 0.5], "texture": "#1"}
			}
		}
	],
	"display": {
		"thirdperson_righthand": {
			"translation": [0, 0.75, 0.25],
			"scale": [0.4, 0.4, 0.4]
		},
		"thirdperson_lefthand": {
			"translation": [0, 0.75, 0.25],
			"scale": [0.4, 0.4, 0.4]
		},
		"firstperson_righthand": {
			"scale": [0.6, 0.6, 0.6]
		},
		"firstperson_lefthand": {
			"scale": [0.6, 0.6, 0.6]
		},
		"ground": {
			"translation": [0, 6, 0],
			"scale": [0.4, 0.4, 0.4]
		},
		"gui": {
			"rotation": [0, -90, 0],
			"scale": [0.4, 0.4, 0.4]
		},
		"head": {
			"translation": [0, 9, 0],
			"scale": [0.4, 0.4, 0.4]
		},
		"fixed": {
			"rotation": [0, 90, 0],
			"scale": [0.4, 0.4, 0.4]
		}
	},
	"groups": [
		{
			"name": "Revolver",
			"origin": [8, 8, 8],
			"children": [
				{
					"name": "group",
					"origin": [8, 10, 4.5],
					"children": [0, 1, 2, 3, 4, 5, 6, 7, 8, 9,
						{
							"name": "group",
							"origin": [8, 11.64017, 15.73928],
							"children": [10, 11, 12]
						}, 13, 14,
						{
							"name": "group",
							"origin": [8, 8, 8],
							"children": [15, 16, 17, 18, 19]
						},
						{
							"name": "group",
							"origin": [8, 8, 8],
							"children": [20, 21, 22, 23, 24, 25, 26, 27]
						}, 28, 29, 30, 31, 32, 33, 34, 35, 36, 37, 38, 39, 40, 41]
				},
				{
					"name": "group",
					"origin": [8, 8, 8],
					"children": [42, 43, 44, 45, 46, 47, 48, 49, 50, 51, 52, 53, 54]
				}
			]
		}
	]
}